Designator,Description
A002,G1P
A1,L1P
A10,L2J
A109,H2T
A119,H1T
A122,L1P
A124,L4J
A129,H2T
A139,H2T
A140,L2T
A148,L2J
A149,H2T
A158,L2J
A16,L1P
A169,H2T
A178,L2J
A189,H2T
A19,L1P
A19N,L2J
A20,L2P
A205,G1P
A20J,L1J
A20N,L2J
A21,L1P
A210,L1P
A211,L1P
A21N,L2J
A22,L1P
A223,L1P
A225,L6J
A23,L1P
A25,A1P
A251,A2P
A27,L1P
A270,L1T
A29,L1P
A2RT,H2T
A3,L2J
A306,L2J
A30B,L2J
A31,L1P
A310,L2J
A318,L2J
A319,L2J
A320,L2J
A321,L2J
A33,L1P
A332,L2J
A333,L2J
A337,L2J
A338,L2J
A339,L2J
A342,L4J
A343,L4J
A345,L4J
A346,L4J
A35,L1P
A359,L2J
A35K,L2J
A37,L2J
A388,L4J
A3ST,L2J
A4,L1J
A400,L4T
A5,A1P
A50,L4J
A500,L2P
A504,L1P
A6,L2J
A600,H1P
A660,L1T
A700,L2J
A743,L2J
A748,L2T
A890,L1P
A9,L1P
A900,L1P
A910,L1P
AA1,L1P
AA37,L2P
AA5,L1P
AAT3,L1P
AAT4,L1P
AB11,L1P
AB15,L1P
AB18,L1P
AB95,L1P
AC10,G1P
AC11,L1P
AC31,H1T
AC33,H3T
AC4,L1P
AC50,L2P
AC52,L2P
AC56,L2P
AC5A,L1P
AC5M,L1P
AC68,L2P
AC6L,L2P
AC72,L2P
AC80,L2T
AC90,L2T
AC95,L2T
ACAM,L2P
ACAR,L1P
ACED,L1P
ACJR,A1P
ACPL,L1P
ACR2,L1P
ACRD,L2P
ACRO,L1P
ACSR,L1P
AD20,L1P
ADEL,G1P
ADVE,L1P
ADVN,A1P
AE45,L2P
AEA1,L1P
AERK,L1P
AEST,L2P
AFOX,L1P
AG02,L1P
AG60,A4T
AGSH,A1P
AI10,L1P
AIGT,L1P
AIRD,L1P
AIRL,L2P
AJ27,L2J
AJET,L2J
AK1,L1P
AKOY,A1P
AKRO,L1P
ALBU,L1P
ALC1,L1P
ALGR,L1P
ALH,H2T
ALIG,L1P
ALIZ,L1T
ALO2,H1T
ALO3,H1T
ALPI,L1P
ALSL,L1P
ALTO,L1P
AM3,L1P
AMX,L1J
AN12,L4T
AN2,L1P
AN22,L4T
AN24,L2T
AN26,L2T
AN28,L2T
AN3,L1T
AN30,L2T
AN32,L2T
AN38,L2T
AN70,L4T
AN72,L2J
AN8,L2T
ANGL,L2P
ANKA,L1P
ANSN,L2P
ANST,H2T
AP20,L1P
AP22,L1P
AP24,A1P
AP26,L2P
AP28,L2P
AP32,L1P
AP36,L2P
APM2,L1P
APM3,L1P
APM4,L1P
APUP,L1P
AR11,L1P
AR15,L1P
AR50,L1P
AR5T,L1P
AR65,L1P
AR6T,L1P
AR79,L1P
ARCE,L1E
ARCP,L1P
ARES,L1J
ARKS,L1P
ARON,L1P
ARV1,L1P
ARVA,L2T
ARWF,L1P
AS02,L1P
AS14,L1P
AS16,L1P
AS20,L1P
AS21,L1P
AS22,L1P
AS24,L1P
AS25,L1P
AS26,L1P
AS28,L1P
AS29,L1P
AS2T,L1T
AS30,L1P
AS31,L1P
AS32,H2T
AS3B,H2T
AS50,H1T
AS55,H2T
AS65,H2T
AS80,L1P
ASO4,L1P
ASTO,L1P
ASTR,L2J
AT2P,L1P
AT3,L2J
AT3P,L1P
AT3T,L1T
AT43,L2T
AT44,L2T
AT45,L2T
AT46,L2T
AT5P,L1P
AT5T,L1T
AT6T,L1T
AT72,L2T
AT73,L2T
AT75,L2T
AT76,L2T
AT8T,L1T
ATAC,L1P
ATG1,L2J
ATIS,L1P
ATL,L1P
ATLA,L2T
ATP,L2T
ATTL,L1P
AU11,L1P
AUJ2,L1P
AUJ4,L1P
AUS3,L1P
AUS4,L1P
AUS5,L1P
AUS6,L1P
AUS7,L1P
AUS9,L1P
AV68,L1P
AVAM,A1P
AVID,L1P
AVIN,L1P
AVK4,L2T
AVLN,A1T
AVTR,A1P
B06,H1T
B06T,H2T
B1,L4J
B103,A2P
B105,H2T
B13,L1P
B14A,L1P
B14B,L1P
B14C,L1P
B150,H1T
B17,L4P
B18T,L2T
B190,L2T
B2,L4J
B209,L1P
B212,H2T
B214,H1T
B222,H2T
B23,L2P
B230,H2T
B24,L4P
B25,L2P
B26,L2P
B26M,L2P
B29,L4P
B305,H1P
B350,L2T
B360,L1P
B36T,L1T
B37M,L2J
B38M,L2J
B39M,L2J
B3XM,L2J
B407,H1T
B412,H2T
B427,H2T
B429,H2T
B430,H2T
B461,L4J
B462,L4J
B463,L4J
B47G,H1P
B47J,H1P
B47T,H1T
B505,H1T
B52,L8J
B525,H2T
B58T,L2P
B60,L1P
B609,T2T
B60T,L2T
B701,L4J
B703,L4J
B712,L2J
B720,L4J
B721,L3J
B722,L3J
B732,L2J
B733,L2J
B734,L2J
B735,L2J
B736,L2J
B737,L2J
B738,L2J
B739,L2J
B741,L4J
B742,L4J
B743,L4J
B744,L4J
B748,L4J
B74R,L4J
B74S,L4J
B752,L2J
B753,L2J
B762,L2J
B763,L2J
B764,L2J
B772,L2J
B773,L2J
B778,L2J
B779,L2J
B77L,L2J
B77W,L2J
B788,L2J
B789,L2J
B78X,L2J
BA11,L2J
BABY,H1P
BALL,
BAR6,L1P
BARC,L1P
BASS,L2P
BBAT,L1P
BBIR,L1P
BCA3,L1P
BCAT,L1P
BCS1,L2J
BCS3,L2J
BD10,L1J
BD12,L1P
BD17,L1P
BD4,L1P
BD5,L1P
BD5J,L1J
BD5T,L1T
BDOG,L1P
BE10,L2T
BE12,A2T
BE17,L1P
BE18,L2P
BE19,L1P
BE20,L2T
BE23,L1P
BE24,L1P
BE30,L2T
BE32,L2T
BE33,L1P
BE35,L1P
BE36,L1P
BE40,L2J
BE4W,L2J
BE50,L2P
BE55,L2P
BE56,L2P
BE58,L2P
BE60,L2P
BE65,L2P
BE70,L2P
BE76,L2P
BE77,L1P
BE80,L2P
BE88,L2P
BE95,L2P
BE99,L2T
BE9L,L2T
BE9T,L2T
BEAR,L1P
BELF,L4T
BER2,A2J
BER4,A2J
BETA,L1P
BEVR,L1P
BF19,L1P
BFIT,L1P
BILO,L1P
BIPL,L1P
BIRD,L1P
BISC,L1P
BK17,H2T
BKUT,L1P
BL11,L1P
BL17,L1P
BL19,L1P
BL8,L1P
BLBU,L1P
BLCF,L4J
BLEN,L2P
BLKS,L1P
BM6,L1P
BMAN,L1P
BN2P,L2P
BN2T,L2T
BO40,L1P
BOLT,L1P
BOOM,L2P
BPAT,L1P
BPOD,L4E
BR14,L1P
BR54,G1P
BR60,L1P
BR61,L1P
BRAV,L1P
BRB2,H1P
BREZ,L1P
BROU,L1P
BS60,L2T
BSTP,H2T
BSTR,L1P
BT36,L1P
BT7,L1J
BTUB,L1P
BU20,L3P
BU31,L1P
BU33,L1P
BU81,L1P
BUC,L2J
BUCA,A1P
BULT,L1P
BUSH,L1P
BW60,L1P
BW6T,L1P
BX2,L1P
C02T,L2T
C04T,L2T
C06T,L1T
C07T,L1T
C08T,LCT
C1,L2J
C101,L1J
C10T,L1T
C119,L2P
C120,L1P
C123,L2P
C125,L3P
C130,L4T
C135,L4J
C140,L1P
C141,L4J
C14T,L2T
C15,L4J
C150,L1P
C152,L1P
C160,L2T
C162,L1P
C17,L4J
C170,L1P
C172,L1P
C175,L1P
C177,L1P
C180,L1P
C182,L1P
C185,L1P
C188,L1P
C190,L1P
C195,L1P
C2,L2T
C205,L1P
C206,L1P
C207,L1P
C208,L1T
C210,L1P
C212,L2T
C21T,L2T
C22J,L2J
C240,L1P
C25A,L2J
C25B,L2J
C25C,L2J
C25M,L2J
C270,L1P
C27J,L2T
C295,L2T
C303,L2P
C309,L1P
C30J,L4T
C310,L2P
C311,L1P
C320,L2P
C335,L2P
C336,L2P
C337,L2P
C340,L2P
C365,L1T
C402,L2P
C404,L2P
C408,L2T
C411,L2P
C414,L2P
C42,L1P
C421,L2P
C425,L2T
C441,L2T
C46,L2P
C500,L2J
C501,L2J
C510,L2J
C525,L2J
C526,L2J
C550,L2J
C551,L2J
C55B,L2J
C560,L2J
C56X,L2J
C5M,L4J
C650,L2J
C680,L2J
C68A,L2J
C700,L2J
C72R,L1P
C750,L2J
C77R,L1P
C82,L2P
C82R,L1P
C82S,L1P
C82T,L1P
C919,L2J
C97,L4P
CA12,L1T
CA19,L1P
CA1P,L1P
CA1T,L1T
CA25,L1P
CA3,L1P
CA4,L1P
CA41,L1P
CA6,L1P
CA61,L1P
CA65,L1P
CA7P,L1P
CA7T,L1T
CA8,L1T
CA9,L1T
CABI,L1T
CABN,L1P
CAD2,L1P
CAD4,L1P
CAJ,L1J
CAML,L1P
CAMP,L1P
CAN4,L1P
CAPL,L1P
CAR,L1P
CARV,L4P
CASS,L1P
CAT,A2P
CAT1,L1P
CAT2,L2P
CAW,L1P
CB1,L1P
CC19,L1P
CD2,A2T
CDC6,L1P
CDUS,G1P
CDW1,L1P
CE15,S1P
CE22,A2P
CE23,A1P
CE25,A2P
CE27,A2P
CE43,L1P
CEGL,L1P
CELR,L1P
CENT,L1P
CFRE,A1P
CG3,L1P
CGAN,S1P
CH1,L1T
CH10,L1P
CH12,H1P
CH14,H1T
CH15,L1P
CH18,L1P
CH20,L1P
CH25,L1P
CH2T,L1P
CH30,L1P
CH40,L2P
CH50,L1P
CH60,L1P
CH62,L2P
CH64,L1P
CH65,L1P
CH7,H1P
CH70,L1P
CH75,L1P
CH7A,L1P
CH7B,L1P
CH80,L1P
CHAN,L1P
CHCS,L1P
CHGO,L1P
CHIC,L1P
CHIF,H1P
CHIN,L1P
CHIP,L1P
CHR1,L1P
CHR4,L1P
CHSY,G1P
CICA,L2P
CJ1,L1P
CJ6,L1P
CKUO,L2J
CL2P,A2P
CL2T,A2T
CL30,L2J
CL35,L2J
CL41,L1J
CL4G,L4T
CL60,L2J
CL8,L1P
CLA,L1P
CLB1,L1P
CLBR,L1P
CLD2,G1P
CLDS,L1P
CLON,G1P
CMA3,L1P
CMAS,L1P
CMD1,G1P
CMDE,G1P
CMDT,G1P
CN12,L1P
CN35,L2T
CNBR,L2J
CNDR,L2T
CNGP,L1P
CNUK,L1P
CO50,L1P
COAR,L1P
COBR,L1P
COL3,L1P
COL4,L1P
COLT,L1P
COMU,H1P
CONI,L4P
COOT,A1P
CORO,L1P
CORR,L1P
CORS,L1P
CORV,L2P
COUG,L1P
COUR,L1P
COY2,L1P
COZJ,L1J
COZY,L1P
CP10,L1P
CP13,L1P
CP20,L1P
CP21,L1P
CP22,L1P
CP23,L1P
CP30,L1P
CP32,L1P
CP60,L1P
CP65,L1P
CP75,L1P
CP80,L1P
CP90,L1P
CPNA,L1P
CPUP,L1P
CR10,L1P
CRA1,L1P
CRAC,L1P
CRBN,L1P
CRER,L1P
CRES,L1T
CRIO,A1P
CRJ1,L2J
CRJ2,L2J
CRJ7,L2J
CRJ9,L2J
CRJX,L2J
CRUZ,L1P
CT4,L1P
CTAH,L1P
CTLN,A1P
CUB2,L1P
CUCA,L1P
CULP,L1P
CULV,L1P
CULX,L2P
CVLP,L2P
CVLT,L2T
CX5,L1P
CYCL,L1P
CYGT,L1P
D1,L2P
D11,L1P
D139,L1P
D140,L1P
D150,L1P
D18,L1P
D201,L1P
D228,L2T
D25,L1P
D250,L1P
D253,L1P
D28D,L2P
D28T,L2T
D31,L1P
D328,L2T
D39,L1P
D4,L1P
D5,L1P
D5TU,L1P
D6,L1P
D6CR,L1P
D7,L1P
D8,L1P
DA2,L1P
DA36,L1E
DA40,L1P
DA42,L2P
DA5,L1P
DA50,L1P
DA62,L2P
DAHU,L1P
DAKH,L1P
DAL1,L1P
DAL4,L1P
DAL5,L1P
DART,L1P
DC10,L3J
DC2,L2P
DC3,L2P
DC3S,L2P
DC3T,L2T
DC4,L4P
DC6,L4P
DC7,L4P
DC85,L4J
DC86,L4J
DC87,L4J
DC91,L2J
DC92,L2J
DC93,L2J
DC94,L2J
DC95,L2J
DEAG,G1P
DEFI,L2P
DELF,L1P
DFL6,L1P
DFLY,L1P
DG15,L1P
DG1T,L1P
DG40,L1P
DG50,L1P
DG60,L1P
DG80,L1P
DH2T,L1T
DH3T,L1T
DH4T,L2T
DH60,L1P
DH80,L1P
DH82,L1P
DH83,L1P
DH84,L2P
DH85,L1P
DH87,L1P
DH88,L2P
DH89,L2P
DH8A,L2T
DH8B,L2T
DH8C,L2T
DH8D,L2T
DH90,L2P
DH94,L1P
DHA3,L3P
DHC1,L1P
DHC2,L1P
DHC3,L1P
DHC4,L2P
DHC5,L2T
DHC6,L2T
DHC7,L4T
DIES,L1P
DIJ3,L1P
DIJ4,A1P
DIMO,L1P
DINO,L1P
DIPR,A1P
DISC,L1P
DJET,L1J
DJIN,H1T
DLH2,L1E
DNGO,A1T
DO27,L1P
DO28,L2P
DOCX,L1P
DON,L1P
DOVE,L2P
DR1,L1P
DR10,L1P
DR22,L1P
DR30,L1P
DR40,L1P
DRAG,H1P
DRIF,L1P
DRON,
DRTG,L1P
DSA1,L1P
DSK,L1P
DSLK,L1P
DT45,L1T
DTA1,L1P
DTA2,L1P
DUB2,L1P
DUCE,L1P
DUOD,L1P
DUR5,L1P
DV1,L1P
DV2,L1P
DV20,L1P
DW1,L1P
DWD2,L1P
DYH2,H1P
E110,L2T
E120,L2T
E121,L2T
E135,L2J
E145,L2J
E170,L2J
E190,L2J
E195,L2J
E2,L2T
E200,L1P
E230,L1P
E275,L2J
E290,L2J
E295,L2J
E29E,L1E
E2CB,L1P
E300,L1P
E314,L1T
E350,L1T
E35L,L2J
E390,L2J
E3CF,L4J
E3TF,L4J
E400,L1P
E45X,L2J
E500,L1T
E50P,L2J
E530,L2J
E545,L2J
E550,L2J
E55P,L2J
E6,L4J
E737,L2J
E75L,L2J
E75S,L2J
E767,L2J
E7BH,L1P
EA40,L1J
EA50,L2J
EAEA,L1P
EAGL,L1P
EAGT,L1P
EAGX,L1P
EB29,L1P
EBOY,L1P
EC20,H1T
EC25,H2T
EC30,H1T
EC35,H2T
EC45,H2T
EC55,H2T
EC6,L1P
EC75,H2T
ECHO,L1P
EDGE,L1P
EDGT,L1P
EF2,L1E
EFAN,L2E
EFOX,L1P
EFUS,L1E
EGL3,H1T
EGRT,L1T
EH10,H3T
EL10,G1P
EL20,L1P
ELA7,G1P
ELF,L1P
ELIT,L2J
ELPS,L1P
ELSP,L1P
ELST,L1P
ELTO,H1P
ELTR,L1P
EM10,L1J
EM11,L2P
EN28,H1P
EN48,H1T
EP9,L1P
EPER,L1P
EPIC,L1T
EPX1,L1P
ERAC,L1P
ERCO,L1P
ES11,H1T
ES13,L1P
ESCA,L1T
ESCP,L1P
ESQL,L1P
ETA,L1P
ETAR,L1J
EUFI,L2J
EUPA,L1P
EURT,L1P
EV55,L2P
EV97,L1P
EVAN,L2P
EVIC,L1J
EVOP,L1P
EVOT,L1T
EVSS,L1P
EX5T,L1T
EXEC,H1P
EXEJ,H1T
EXNG,L1P
EXPL,H2T
EXPR,L1P
EZFL,L1P
EZFT,L2P
EZHV,L1P
EZIK,L1P
EZKC,L1P
F1,L2J
F100,L2J
F104,L1J
F106,L1J
F111,L2J
F117,L2J
F13,L1P
F14,L2J
F15,L2J
F156,L1P
F16,L1J
F16X,L1J
F18H,L2J
F18S,L2J
F1FV,L1P
F2,L1J
F22,L2J
F260,L1P
F26T,L1T
F27,L2T
F28,L2J
F2TH,L2J
F30,L1P
F35,L1J
F3F,L1P
F4,L2J
F406,L2T
F41E,L2P
F5,L2J
F50,L2T
F5SA,L2J
F60,L2T
F600,L2T
F70,L2J
F8,L1J
F86,L1J
F8L,L1P
F900,L3J
F9F,L1J
FA01,L1P
FA02,L1P
FA03,L1P
FA04,L1P
FA10,L2J
FA11,L1P
FA20,L2J
FA24,L1P
FA50,L3J
FA5X,L2J
FA62,L1P
FA7X,L3J
FA8X,L3J
FAET,L1P
FALC,L1P
FALM,L1P
FANL,L1P
FANT,L1P
FB1A,L1P
FB1B,L1P
FB5,L1P
FBA2,L1P
FBIR,L1P
FC1,L1J
FDCT,L1P
FDMC,L1P
FE51,L1P
FEST,L1P
FFLY,L1P
FG01,L1P
FGT,L1P
FH11,H1T
FIBO,L1P
FIKD,L1P
FIKE,L1P
FINC,L1P
FJ10,L2J
FJR3,L1P
FK12,L1P
FK14,L1P
FK9,L1P
FL3,L1P
FL53,L1P
FL54,L1P
FL55,L1P
FLAM,L2P
FLCO,L1P
FLE2,L1P
FLE7,L1P
FLIZ,L1P
FLSH,L1P
FLSS,L1P
FM25,L1P
FN33,A1P
FNKB,L1P
FOOF,L1P
FORT,L1P
FOUG,L2J
FOX,L1P
FOXT,L1P
FRBD,L1P
FREE,L1P
FREL,H3T
FRNT,L1P
FRON,L1P
FS51,L1P
FT30,L1P
FU24,L1P
FURY,L1P
FUSI,L1P
FW02,A1P
FW19,L1P
FW21,L1P
FW44,L1P
FW90,L1P
FX1,L1P
G1,L1P
G103,L1P
G109,L1P
G115,L1P
G120,L1P
G12T,L1T
G140,L1T
G150,L2J
G159,L2T
G15T,L1P
G160,L1T
G164,L1P
G180,L1P
G200,L1P
G202,L1P
G21,A2P
G21M,A4P
G21T,A2T
G222,L2T
G250,L2J
G280,L2J
G2CA,H1P
G2GL,L1J
G2T1,L1P
G3,L1P
G300,L1P
G44,A2P
G46,L1P
G4SG,L1J
G59,L1P
G64T,L1T
G70,L1P
G73,A2P
G73T,A2T
G800,L1P
G850,L2P
G96,L2P
G97,L1P
GA10,L1T
GA20,L1P
GA5C,L2J
GA6C,L2J
GA7,L2P
GA7C,L2J
GA8,L1P
GABR,L1P
GALX,L2J
GANT,LCT
GAUN,L1P
GAVI,L1P
GAZL,H1T
GB1,L1P
GBSP,L1P
GC1,L1P
GDUK,A2P
GEMI,L2P
GENI,L1E
GEPE,L1P
GF20,L1P
GFLY,L1J
GL5T,L2J
GL7T,L2J
GLAD,L1P
GLAS,L1P
GLEX,L2J
GLF2,L2J
GLF3,L2J
GLF4,L2J
GLF5,L2J
GLF6,L2J
GLID,
GLSP,L1P
GLST,L1P
GLTU,L1T
GM01,L1P
GM17,L1T
GMGC,L1P
GNAT,L1J
GOBU,G1P
GOLF,L1P
GOOS,A1P
GOTR,L1P
GP1,L1P
GP3,A1P
GP4,L1P
GR51,L1T
GRAF,L1P
GRFN,L1P
GRIF,L1P
GRIZ,L1T
GSIS,L1P
GSPN,L2J
GUEP,L1P
GURI,L1P
GX,L1P
GY10,L1P
GY20,L1P
GY30,L1P
GY80,L1P
GYRO,
H111,L2P
H12T,H1T
H160,H2T
H2,H2T
H202,L1P
H204,L1P
H207,L1P
H21,H1P
H25A,L2J
H25B,L2J
H25C,L2J
H269,H1P
H40,L1P
H43A,H1P
H43B,H1T
H46,H2T
H47,H2T
H500,H1T
H53,H2T
H53S,H3T
H60,H2T
H64,H2T
HA2,G1P
HA31,L1P
HA4T,L2J
HAHU,L1P
HAR,L1J
HAW3,G1P
HAWK,L1J
HB21,L1P
HB23,L1P
HB3,L1P
HCAT,L1P
HD34,L2P
HDJT,L2J
HEAD,L1P
HERN,L4P
HF20,L2J
HI27,L1P
HIGH,L1P
HIND,L1P
HL2,L1P
HLD4,L1P
HM38,L1P
HN70,L1P
HORN,L1P
HORZ,L1P
HPTR,A1P
HPZL,L1P
HR10,L1P
HR20,L1P
HRM9,L1P
HRNT,L1P
HROC,L1P
HRYA,L1P
HSMT,H1P
HT16,L1J
HT2,L1P
HT32,L1P
HT34,L1T
HT36,L1J
HU1,L1P
HU2,L1P
HUCO,H1T
HUML,L1P
HUMM,L1P
HUNT,L1J
HURI,L1P
HURK,L1T
HUSK,L1P
HW4P,G1P
HW4T,G1T
HX2,H1T
HYPR,L1P
I103,L1P
I114,L2T
I115,L1P
I11B,L1P
I153,L1P
I15B,L1P
I16,L1P
I22,L1J
I23,L1P
I3,L1P
I66,L1P
I828,L1T
IA46,L1P
IA50,L2T
IA51,L1P
IA58,L2T
IA63,L1J
IFUR,L1P
IL14,L2P
IL18,L4T
IL28,L2J
IL38,L4T
IL62,L4J
IL76,L4J
IL86,L4J
IL96,L4J
IMPU,L1P
INCQ,L1P
INEC,L1P
INEX,L1P
ION,L1P
IP06,L1P
IP10,L1P
IP26,L1P
IP6A,L1P
IPAN,L1P
IR21,L1P
IR22,L1P
IR23,L1P
IR24,L1P
IR25,L1T
IR27,L1P
IR28,L1P
IR31,L1P
IR46,L1P
IR99,L1J
IS2,H1P
IS28,L1P
ISAT,L1P
ISPT,L1P
J1,L1P
J10,L1J
J177,L1P
J2,L1P
J20,L2J
J3,L1P
J300,L1P
J328,L2J
J4,L1P
J4B2,G1P
J5,L1P
J8A,L2J
J8B,L2J
JAB2,L1P
JAB4,L1P
JABI,L1P
JACE,L1P
JAG2,H1T
JAGR,L2J
JAJ5,L1P
JAJ6,L1P
JANU,L1P
JARO,L1P
JAST,L1J
JB1,A1P
JB15,L1P
JC01,L1P
JC02,L1P
JCOM,L2J
JCRU,L1T
JD2,L1P
JDOE,L1P
JE2,G1P
JFOX,L1P
JH7,L2J
JK05,L1P
JL9,L1J
JN76,L1P
JPM1,L1P
JPRO,L1J
JRC1,L1P
JS1,L2T
JS20,L2T
JS3,L2T
JS31,L2T
JS32,L2T
JS41,L2T
JSQA,L1J
JSX,L1J
JT2,L1P
JU52,L3P
JUN1,L1P
JUN2,L1P
JUNR,L1P
JUPI,L1P
K126,H1T
K209,H1T
K226,H2T
K250,L1P
K35E,L4J
K35R,L4J
K50,L1J
K51,L1P
K8,L1J
KA25,H2T
KA26,H2P
KA27,H2T
KA50,H2T
KA52,H2T
KA62,H2T
KAFI,L1P
KAK1,L1P
KAK3,L1P
KAT3,L1T
KATB,L2P
KATR,L1P
KC2,L2J
KE3,L4J
KEHA,L1P
KELA,L1P
KELD,L1P
KERO,L1P
KEST,L1T
KFAB,L1P
KFAS,L1P
KFIR,L1J
KFIS,A1P
KH4,H1P
KIS2,L1P
KIS4,L1P
KITI,L1P
KIWI,L1P
KK60,L1P
KL07,L1P
KL10,L1P
KL25,L1P
KL35,L1P
KLBR,L1P
KM2,L1P
KMAX,H1T
KNTW,L1P
KODI,L1T
KOLL,L1P
KP2,L1P
KP5,L1P
KR1,L1P
KR2,L1P
KR21,L1P
KR30,L1P
KR31,L1P
KR34,L1P
KRAG,L1P
KRAH,L1P
KRIC,L1P
KSTK,L2P
KT1,L1T
KTOO,L1P
KZ2,L1P
KZ3,L1P
KZ4,L2P
KZ7,L1P
KZ8,L1P
L10,L2P
L101,L3J
L11,L1P
L11E,L1P
L12,L2P
L13,L1P
L13M,L1P
L13S,L1P
L14,L2P
L15,L2J
L159,L1J
L18,L2P
L181,L1P
L188,L4T
L200,L2P
L29,L1J
L29A,L4J
L29B,L4J
L37,L2P
L380,L1P
L39,L1J
L4,A2P
L40,L1P
L410,L2T
L5,L1P
L59,L1J
L6,A2P
L60,L1P
L610,L2T
L70,L1P
L8,L1P
L90,L1T
LA25,A1P
LA4,A1P
LA60,L1P
LA6T,L1T
LA8,A2P
LACO,L1P
LAE1,L1E
LAKR,L1P
LAKX,L1P
LAMA,H1T
LANC,L4P
LARK,L1P
LAST,L1P
LBUG,L1P
LCA,L1J
LCB,L1P
LCH,H2T
LCR,L1P
LEG2,L1P
LEGD,L1P
LEOP,L2J
LESP,L1P
LEVI,L1P
LGEZ,L1P
LH10,L1P
LIBE,L1P
LION,L1P
LJ23,L2J
LJ24,L2J
LJ25,L2J
LJ28,L2J
LJ31,L2J
LJ35,L2J
LJ40,L2J
LJ45,L2J
LJ55,L2J
LJ60,L2J
LJ70,L2J
LJ75,L2J
LJ85,L2J
LK17,L1P
LK19,L1P
LK20,L1P
LM5,L1P
LM5X,L1P
LM7,L1P
LMK1,L1P
LN27,L1P
LN3,A1P
LNC2,L1P
LNC4,L1P
LNCE,L1P
LNP4,L1T
LNT4,L1T
LOCA,L1P
LOVE,L1P
LP1,L1P
LR2T,H1T
LS10,L1P
LS2,L1P
LS8,L1P
LS9,L1P
LSTR,L1P
LTNG,L2J
LUL5,L1P
LUL6,L1P
LUL7,L1P
LUL8,L1P
LV51,L1P
LW20,L1P
LW40,L1P
LWIN,L1P
LX32,L1P
LX34,L1P
LXR,L1P
LYNX,H2T
LYSA,L1P
M10,L1P
M101,L1T
M106,L1P
M108,L1P
M10F,L1P
M10R,L1P
M110,L1P
M15,L1J
M17,L1J
M18,L1P
M18T,L1T
M1SC,L1P
M2,L1P
M200,L1P
M203,L1P
M20P,L1P
M20T,L1P
M21,L1P
M212,L1P
M22,L1P
M24,L1P
M26,L1P
M28,L2T
M2HK,L1P
M308,L1P
M326,L1J
M339,L1J
M345,L1J
M346,L2J
M360,L1P
M36J,L2P
M4,L1P
M404,L2P
M5,L1P
M55,L2J
M6,L1P
M600,L1T
M7,L1P
M74,H1P
M7T,L1T
M8,L1P
M9,L1P
MA1,L1P
MA5,L1P
MA60,L2T
MA6H,L2T
MAGC,L1P
MAGI,L1P
MAGN,L1P
MAJR,L1P
MAKO,L1P
MAMB,L1P
MAME,L1P
MARS,S4P
MAVR,L1P
MC01,L1P
MC10,L2P
MC23,L2J
MC45,L1P
MC90,L1P
MCOU,L1P
MCOY,L1P
MCR1,L1P
MCR4,L1P
MCRR,L1P
MCUL,L1P
MD11,L3J
MD3,L1P
MD3R,L1P
MD52,H1T
MD60,H1T
MD81,L2J
MD82,L2J
MD83,L2J
MD87,L2J
MD88,L2J
MD90,L2J
ME08,L1P
ME09,L1P
ME62,L2J
MEAD,L1P
MEL2,L1P
MERK,L2P
MESS,L1P
METR,L2J
MEXP,L1P
MF10,L1P
MF17,L1P
MG15,L1J
MG17,L1J
MG19,L2J
MG21,L1J
MG23,L1J
MG25,L2J
MG29,L2J
MG31,L2J
MG44,L2J
MGAT,L1J
MGIC,L1P
MGNM,L1P
MH02,L2J
MH20,H2T
MH46,L1P
MI10,H2T
MI14,H2T
MI2,H2T
MI24,H2T
MI26,H2T
MI28,H2T
MI34,H1P
MI38,H2T
MI4,H1P
MI6,H2T
MI8,H2T
MIDR,L1P
MIMP,L1P
MIMU,L1P
MIR2,L1J
MIRA,L1J
MITE,L1P
MJ10,L1P
MJ12,L1P
MJ1H,L1P
MJ2,L1P
MJ3,L1P
MJ4,L1P
MJ5,L1P
MJ53,L1P
MJ55,L1P
MJ7,L1P
MJ77,L1P
MJ8,L1P
MJ80,L1P
MJ9,L1P
MJ90,L1P
MLER,L1P
MM14,G1P
MM16,G1P
MM19,G1P
MM21,G1P
MM22,G1P
MM24,G1P
MMAC,L1P
MMAX,G1P
MMUT,L1P
MNEX,L1P
MOCU,L1P
MOGO,L1P
MOL1,L1P
MONA,L1P
MONI,L1P
MOR2,L1P
MOSP,L1P
MOSQ,L2P
MOTO,L1P
MP02,L1P
MP20,L1P
MR25,L1P
MR35,L1P
MR3T,L1T
MRAI,L1P
MRAM,L1P
MRF1,L1J
MRJ7,L2J
MRJ9,L2J
MRMD,A1P
MRTN,L1P
MS1,L1P
MS18,L1P
MS23,L1P
MS25,L1P
MS30,L1P
MS31,L1P
MS73,L1P
MS76,L2J
MSAI,L1P
MSQ2,L1P
MT,G1P
MT2,L2J
MU2,L2T
MU23,L1P
MU30,L2J
MUS2,L1P
MVN1,L1P
MVRK,L1P
MX10,L1P
MX1T,L1P
MX2,L1P
MX58,L1P
MX65,L1P
MX80,L1P
MXS,L1P
MY12,L1P
MY13,L1P
MYA4,L4J
MYS4,L1J
N110,L1P
N120,L1P
N250,L2T
N260,L2T
N262,L2T
N3,L1P
N320,L1P
N340,L1P
N3N,L1P
N5,L1P
NA40,H2T
NAL2,L1P
NAVI,L1P
NC85,L1P
ND1T,L1T
NDAC,L1P
NDAT,L1P
NDIC,L1P
NG4,L1P
NG5,L1P
NG5E,L1E
NH90,H2T
NHCO,L1P
NI28,L1P
NIBB,L1P
NIMB,L1P
NIPR,L1P
NM5,L1P
NMCU,L1P
NNJA,L1P
NOMA,L2T
NORA,L2P
NORS,L1P
NPOR,L1P
NSTR,L1P
NT10,L1P
NXT,L1P
NXTE,L1E
O1,L1P
O3,L1P
OH1,H2T
OKHO,G1P
OM1,L1P
OMAG,L1P
OMGA,L1P
OMLA,L1T
ONE,L1P
ONEX,L1P
OPCA,L1P
OR10,A1P
OR12,A2P
OSCR,L1P
OUDE,L1P
OVOD,L1P
OZZI,L1P
P06T,L2P
P1,L4J
P100,L1P
P130,L1P
P136,A2P
P148,L1P
P149,L1P
P180,L2T
P18T,L1T
P19,L1P
P1HH,L2T
P2,L2P
P208,L1P
P210,L1P
P212,L2P
P220,L1P
P230,L1P
P27,L1P
P270,L1P
P28A,L1P
P28B,L1P
P28R,L1P
P28S,L1P
P28T,L1P
P28U,L1P
P3,L4T
P32R,L1P
P32T,L1P
P337,L2P
P38,L2P
P39,L1P
P40,L1P
P46T,L1T
P47,L1P
P4Y,L4P
P50,L1P
P51,L1P
P57,L1P
P60,L1P
P61,L2P
P63,L1P
P66P,L2P
P66T,L2T
P68,L2P
P68T,L2T
P70,L1P
P750,L1T
P8,L2J
P80,L1P
P82,L2P
PA11,L1P
PA12,L1P
PA14,L1P
PA15,L1P
PA16,L1P
PA17,L1P
PA18,L1P
PA20,L1P
PA22,L1P
PA23,L2P
PA24,L1P
PA25,L1P
PA27,L2P
PA30,L2P
PA31,L2P
PA32,L1P
PA34,L2P
PA36,L1P
PA38,L1P
PA44,L2P
PA46,L1P
PA47,L1J
PACE,L1P
PAGO,L1P
PANT,L1P
PAR1,L1P
PAR4,L1P
PARA,
PARL,L1P
PAT2,L1P
PAT4,L2T
PAUL,L1P
PAV4,G1P
PAY1,L2T
PAY2,L2T
PAY3,L2T
PAY4,L2T
PC12,L1T
PC21,L1T
PC24,L2J
PC6P,L1P
PC6T,L1T
PC7,L1T
PC9,L1T
PCA2,G1P
PDIG,L2P
PECR,L1P
PEGA,L2P
PEGZ,L1P
PELI,L1P
PEMB,L2P
PETL,L1P
PETR,A1P
PGEE,L1P
PGK1,L1P
PHIL,H1P
PHIX,G1P
PHNX,L1P
PIAE,L1E
PIAT,L1P
PICO,L1P
PILL,L1P
PINO,L1P
PIPA,L1P
PISI,L1P
PIT4,L1E
PITA,L1P
PITE,L1E
PIVE,L1E
PIVI,L1P
PK11,L1P
PK15,L1P
PK18,L1P
PK19,L1P
PK20,L1P
PK21,L1P
PK23,L1P
PK25,L1P
PKAN,L1P
PL1,L1P
PL12,L1P
PL2,L1P
PL4,L1P
PL9,L1P
PLUS,L1P
PNR2,L1P
PNR3,L1P
PNR4,L1P
PO2,L1P
PO60,L1P
POLI,L1P
PONY,A1P
PP2,L1P
PP3,L1P
PPRO,L1P
PRBP,L1P
PRBR,L1P
PRCE,L2P
PREN,L1P
PRET,L1P
PREX,L1P
PRIM,L1P
PRM1,L2J
PROC,L1P
PROT,L1P
PROW,L1P
PRPR,L1P
PRTS,L2J
PRXT,L1T
PSTM,L1P
PSW4,H1T
PT21,L1P
PT22,L1P
PT70,L1P
PT80,L1P
PTMS,L1P
PTRL,L1P
PTS1,L1P
PTS2,L1P
PTSS,L1P
PUL6,L1P
PULR,L1P
PULS,L1P
PUMA,H2T
PUP,L1P
PURS,L1P
PUSH,L1P
PW4,L1P
PZ01,L1P
PZ02,L1P
PZ04,L1P
PZ05,L1P
PZ06,L1P
PZ12,L1P
PZ26,L1P
PZ3T,L1T
PZ4M,L1P
PZ6T,L1T
Q01,L1P
Q1,L1P
Q25,L1J
Q4,L1J
Q5,L2J
Q9,L1T
QAIL,L1P
QALT,L1P
QEST,L1P
QIC2,L1P
QR01,L1P
QUAS,L1P
QUIC,L1P
R100,L1P
R109,L1P
R11,L1P
R135,L4J
R185,L1P
R2,S1P
R200,L1P
R22,H1P
R300,L1P
R4,H1P
R44,H1P
R66,H1T
R721,L3J
R722,L3J
R90F,L1P
R90R,L1P
R90T,L1T
RA14,L1P
RA17,L1P
RAF2,G1P
RAID,L1P
RAIL,L1P
RALL,L1P
RANG,L1P
RARO,L1P
RAV3,L1P
RAV5,L1P
RAZM,L1P
RBEL,L1P
RC3,A1P
RC70,L2P
RD03,L1P
RD20,L1P
RDH2,L1P
RELI,L1P
RENE,L1P
REV6,G1T
RF10,L1P
RF3,L1P
RF4,L1P
RF47,L1P
RF5,L1P
RF6,L1P
RF9,L1P
RFAL,L2J
RGNT,L1P
RJ03,L1P
RJ1H,L4J
RJ70,L4J
RJ85,L4J
RK5,L1P
RLU1,L1P
RMOU,H1T
RNGR,L1P
ROAR,L1R
RODS,L1P
ROND,L1P
ROSE,L1P
RP1,H2T
RPUP,G1P
RS12,L1P
RS18,L1P
RS20,L1P
RS21,L1P
RTA4,L1P
RUBI,L1P
RV10,L1P
RV12,L1P
RV14,L1P
RV3,L1P
RV4,L1P
RV4T,L1T
RV6,L1P
RV7,L1P
RV8,L1P
RV9,L1P
RVAL,H2T
RW19,L1P
RW20,L1P
RW22,L1P
RW26,L1P
RW3,L1P
RYSA,L2T
RYST,L1P
S05F,L1P
S05R,L1P
S1,L1P
S10,L1P
S107,S1P
S108,L1P
S10S,L1P
S11,L1P
S12,A1P
S122,L2P
S12S,L1P
S15S,L1P
S15U,L1P
S200,L1J
S202,A2P
S208,L1P
S21,L1P
S211,L1J
S223,L1P
S22T,L1P
S274,H1T
S278,H1T
S285,H1T
S2P,L2P
S2T,L2T
S3,L2J
S32E,L1E
S32M,L1P
S330,H1T
S355,L1P
S360,H1T
S37,L2J
S38,A2P
S39,A1P
S4,L1P
S400,S2P
S434,H1T
S45,L1P
S450,L1P
S51,H1P
S51D,L1P
S52,H1P
S55P,H1P
S55T,H1T
S58P,H1P
S58T,H1T
S6,L1P
S601,L2J
S61,H2T
S61R,H2T
S62,H1T
S64,H2T
S65C,H2T
S76,H2T
S900,L1P
S92,H2T
S97,H1T
SA02,L1P
SA03,L1P
SA04,L1P
SA05,L1P
SA10,L1P
SA11,L1P
SA2,L1P
SA20,A1P
SA3,L1P
SA30,L1P
SA37,L1P
SA38,L2P
SA50,L1P
SA6,L1P
SA6E,L1T
SA7,L1P
SA70,L1P
SA75,L1P
SA8T,L2T
SAB2,L1P
SABA,L1P
SACE,L1P
SACR,L1P
SAFF,L1P
SAH1,L1P
SAKO,L1P
SALB,L1P
SAM,L1P
SAND,S4P
SAPH,L1P
SASH,L2P
SASP,L1P
SASY,L1P
SATA,L2J
SAVA,L1P
SAVG,L1P
SB05,L2J
SB20,L2T
SB29,L1J
SB32,L1J
SB35,L1J
SB37,L1J
SB39,L1J
SB7,L1P
SB91,L1P
SBD,L1P
SBLS,L2P
SBM3,L1P
SBOY,L1P
SBR1,L2J
SBR2,L2J
SC01,L1P
SC7,L2T
SCAM,L1P
SCEP,L1P
SCII,G1P
SCOM,L1P
SCOR,H1P
SCOU,H1T
SCRO,L1P
SCTR,L1P
SCUB,L1P
SCW1,L1P
SD26,L1P
SD4,L1P
SDUS,L1P
SE5A,L1P
SE5R,L1P
SEAT,A1T
SEAW,A1P
SERA,L1P
SEST,A1T
SF2,L1P
SF23,L1P
SF24,L1P
SF25,L1P
SF27,L1P
SF28,L1P
SF31,L1P
SF32,L1P
SF34,L2T
SF35,L1P
SF36,L1P
SF50,L1J
SG37,L1P
SG70,L1P
SG92,L1T
SGRA,L1P
SGUP,L4T
SH09,H1T
SH33,L2T
SH36,L2T
SH4,H1P
SH5,S4T
SHAC,L4P
SHAK,A1P
SHAW,L1J
SHEA,A1P
SHEK,L1P
SHER,L1P
SHIP,
SHOE,L1P
SHOP,L1P
SHOR,L1P
SHRK,L1P
SHRT,L1T
SIDE,L1P
SIGM,L1P
SILH,L1P
SIR2,L1P
SIRA,L1P
SJ30,L2J
SJET,L1J
SK10,L1P
SK70,L2P
SKAR,L1P
SKIF,A1P
SKIM,A1P
SKRA,L1P
SKYC,L2P
SKYO,L1P
SKYR,L1P
SL1,L1P
SL39,L1P
SL90,L1P
SLCH,L6J
SLG2,L1P
SLG4,L1P
SLK3,L1P
SLK5,L1P
SM01,L1P
SM19,L1T
SM20,L1T
SM60,L3P
SM92,L1P
SMAX,A1P
SMB2,L1J
SNAD,G1P
SNAP,L1P
SNGY,L1P
SNOS,L1P
SNS2,L1P
SNS7,L1P
SNS9,L1P
SNTA,L1P
SOK2,L1P
SOKL,L1P
SOL1,L4E
SOL2,L4E
SOLI,L1P
SONX,L1P
SORA,L1P
SP20,L1P
SP33,L2J
SP55,L1P
SP6E,L1P
SP7,L1P
SP91,L1P
SP95,L1P
SPA2,L1P
SPAR,L1P
SPC2,L1P
SPDR,L1P
SPEL,L1P
SPGY,G1P
SPHA,G1P
SPIR,L1P
SPIT,L1P
SPOR,L1P
SPR2,L1P
SPRT,L1P
SPST,L1P
SPUP,L1P
SQ2T,L1P
SQES,L2P
SR01,L1P
SR20,L1P
SR22,L1P
SRAC,L1P
SRAI,L1P
SRAS,L1P
SRAY,A1P
SREY,A1P
SS2,L1R
SS2P,L1P
SS2T,L1T
SSAB,L1J
SSC,G1P
SSTM,A1P
ST1,L2P
ST10,L1P
ST3,L1P
ST30,L1P
ST4,L1P
ST50,L1T
ST6,L1P
ST60,L1P
ST75,L1P
ST87,L1P
STAL,L1P
STAR,L2T
STAT,L1T
STCH,L1P
STFF,L1P
STIL,L1P
STLN,L1T
STOR,L1P
STR2,L1P
STRA,L1P
STRE,L1P
STRI,L1P
STRK,L1J
STRM,L1P
STST,L1P
SU17,L1J
SU24,L2J
SU25,L2J
SU26,L1P
SU27,L2J
SU29,L1P
SU31,L1P
SU38,L1P
SU57,L2J
SU7,L1J
SU80,L2T
SU95,L2J
SUBA,L1P
SUCO,H2T
SUNB,L1P
SUNV,L1P
SURN,H2T
SURU,L1P
SUSO,L1P
SV4,L1P
SVNH,L1P
SW18,L1P
SW2,L2T
SW3,L2T
SW4,L2T
SWAK,L1P
SWAT,L1P
SWIF,L1J
SWIN,L1P
SWOR,L1P
SX30,L1P
SYCA,H1P
SYMP,L1P
SYNC,L1P
SZ45,L1P
SZ9M,L1P
T1,L1J
T10,L1P
T101,L1T
T134,L2J
T154,L3J
T160,L4J
T18,L1P
T19,L1P
T2,L2J
T204,L2J
T206,L1P
T210,L1P
T211,L1P
T22M,L2J
T250,L1P
T28,L1P
T30,L1P
T33,L1J
T334,L2J
T34P,L1P
T34T,L1T
T35,L1P
T37,L2J
T38,L2J
T4,L2J
T40,L1P
T411,L1P
T415,L1P
T419,L1P
T5,L1T
T50,L2P
T51,L1P
T6,L1P
T7,L1T
TA15,L1P
TA16,A1P
TA20,L1P
TAA1,L1P
TAGO,L1P
TAIL,L1P
TAMP,L1P
TARO,L1P
TARR,L1P
TAYA,L1P
TAYB,L1P
TAYD,L1P
TB05,L1P
TB20,L1P
TB21,L1P
TB30,L1P
TB31,L1T
TBEE,A2P
TBM,L1P
TBM7,L1T
TBM8,L1T
TBM9,L1T
TBR3,L1P
TC2,L1P
TCAT,L2P
TCOU,L2P
TD1,L1P
TD2,L1T
TD3,L1P
TEAL,A1P
TERM,L1P
TERR,L1P
TEST,
TEX2,L1T
TEXA,L1P
TF19,L1P
TF21,L1P
TF22,L1P
TFK2,L1P
TFOC,L1P
TFUN,L1P
TGRS,L1P
TIAD,L1P
TIGR,H2T
TIJU,L1P
TIPB,L1P
TJET,L2J
TL20,L1P
TL30,L1P
TLEG,L1T
TM5,L1P
TMOT,L1P
TMUS,L1P
TNAV,L2P
TNDR,L1P
TOBA,L1P
TOOT,L1P
TOR,L2J
TOUR,L1P
TOXO,L1P
TP40,L1P
TPIL,L1T
TPIN,L2P
TR1,A1P
TR20,L1P
TR26,L1P
TR55,L1P
TRAL,L1P
TRAP,L1P
TRBA,L1P
TRDO,L1P
TRF1,L1P
TRIM,L3P
TRIS,L3P
TRMA,L3P
TRWN,L2P
TS11,L1J
TS14,L1P
TS1J,L1J
TS8,L1P
TSPT,L1P
TSTN,L1P
TSTR,G1P
TT62,L2P
TTRS,L1P
TTWO,L1P
TU16,L2J
TU22,L2J
TU95,L4T
TUCA,L1T
TUL3,L1P
TUTR,L1P
TVL4,L1P
TVLB,L1P
TWEN,L1P
TWIR,L2P
TWSP,L1P
TWST,L1P
TZRV,L1J
U15,L1P
U16,A2P
U2,L1J
U21,L2T
U22,L1P
UBAT,L1P
UF10,L1P
UF13,L1P
UFHT,G1P
UH1,H1T
UH12,H1P
UH1Y,H2T
UHEL,
UL10,L1P
UL20,L1P
UL2F,L1P
UL45,L1P
ULAC,
ULPA,L1P
ULTS,H1P
UM18,G1P
UNIV,L1P
URRA,L1P
US1,A4T
US2,A4T
UT60,L1P
UT65,L1P
UT66,L1P
UT75,L1P
UU12,L1P
V1,L2T
V10,L2T
V22,T2T
V252,L1P
V280,T2T
V322,L1P
V351,L1P
V452,L1T
V500,H1P
V8SP,L1P
VALI,L1P
VAMP,L1J
VANT,L1J
VAUT,L2J
VELO,L1P
VELT,L2P
VENT,L1P
VEZE,L1P
VF2,L1P
VF35,L1J
VF60,L1T
VG3T,L1P
VGUL,L1P
VIMA,L1P
VIMY,L2P
VIPJ,L1J
VIPR,L1P
VISI,L1P
VIVA,L1P
VIX,L1P
VIXN,L1P
VJ22,A1P
VK3P,L1P
VL3,L1P
VM1,L1P
VMT,L4J
VNOM,L1J
VNTR,L1P
VO10,L1P
VOL2,L1P
VP2,L1P
VR20,L1P
VR7,L1P
VSON,L1P
VTOR,L2T
VTRA,L1P
VTUR,L1P
VUT1,L1P
VVIG,L1P
VW10,L1P
VWIT,L1P
W11,L1P
W201,L1P
W3,H2T
W62T,L1T
WA40,L1P
WA41,L1P
WA42,L1P
WA50,L1P
WA80,L1P
WAC9,L1P
WACA,L1P
WACC,L1P
WACD,L1P
WACE,L1P
WACF,L1P
WACG,L1P
WACM,L1P
WACN,L1P
WACO,L1P
WACT,L1P
WAIX,L1P
WASP,H1T
WB57,L2J
WBOO,L1P
WCAT,L1P
WDEX,L1P
WESX,H2T
WF4U,L1P
WFOC,L1P
WFUR,L1P
WG30,H2T
WH1,L1P
WH4,L1T
WHAT,L1P
WHIL,L1P
WHIS,L1P
WHIT,L1P
WHK2,L4J
WHKN,L2J
WICH,L1P
WILT,L1P
WIND,L1P
WINE,L1P
WIRR,L1P
WISP,L1P
WM2,L1P
WOPU,L1P
WP40,L1P
WP47,L1P
WS22,L1P
WSP,L1P
WT9,L1P
WUSH,A1P
WW1,L1P
WW23,L2J
WW24,L2J
WZ10,H2T
WZER,L1P
X2,H1T
X29,L1J
X3,H2T
X32,L1J
X4,L1P
X47B,L1J
X49,H2T
X55,L2J
XA41,L1P
XA42,L1P
XA85,L1P
XAIR,L1P
XL2,L1P
XNON,G1P
XNOS,L1P
XV15,T2T
Y11,L2P
Y112,L1P
Y12,L2T
Y12F,L2T
Y130,L2J
Y141,L3J
Y18T,L1P
Y20,L4J
YA1,L1P
YAK3,L1P
YAK9,L1P
YALE,L1P
YARR,L1P
YAST,L1P
YC12,L1P
YK11,L1P
YK12,L1P
YK18,L1P
YK28,L2J
YK30,L1J
YK38,L3J
YK40,L3J
YK42,L3J
YK50,L1P
YK52,L1P
YK53,L1P
YK54,L1P
YK55,L1P
YK58,L1P
YL15,L1P
YNHL,H2P
YS11,L2T
YUNO,L1P
YURO,L2J
Z22,L1P
Z26,L1P
Z37P,L1P
Z37T,L1T
Z42,L1P
Z43,L1P
Z50,L1P
ZA6,H1P
ZEP2,L1P
ZEPH,L1P
ZERO,L1P
ZIA,L1P
ZIU,L1P
ZULU,L1P
ZZZZ,
